세계_백지도_세계전도	2ZHcZSc/qbtQfzG1o8iEXjHE9lsrESYnMJovJBu0x/S4cJ4xMSE56gJ+teD+hn2WCv39AJrBNC+JHJIeymTpi0en37OG8diGwaYxsjc3LIjALTWV5zkcENgH9dAU4tKR9BlBGbXo111mjxeATNl+Rxv37xPi3B4vyIs4jJUjGvc=
세계_백지도_대륙구분	2ZHcZSc/qbtQfzG1o8iEXplk5vIolJXXpSN9shs0CXcLGOmgnMjuuLxK6axLhSWX/sN8CaCWu5hB3ZsoLxigiEp2Ovo9czxZrn3L4xNM+dnyQPwWhW2OzJ/TdkpoGqBpaNzUOSf6mFpPYkV0mSwOndT+JPKyJxYazG9K89HoVtA=
세계_백지도_국가전도	2ZHcZSc/qbtQfzG1o8iEXkTM40llvCOOHFnIv9hLhwsZjiz+IXA4mYxP0EdLTV99GIaaWDFTNKwI2yOi9CZUuu998+i6k0lA6rYxnGxZsNoo76i7QstYLp4MliwLbBqnRzVQBlOpRckTSDBjc8QNoczQqC2ktojW+Zi2PP92Uck=
세계_백지도_아시아	2ZHcZSc/qbtQfzG1o8iEXk+QFimvYSD/uMwnpUTGJzF+kAIGV36RiLUcOXC7nmgGHqQnsyw1/3HJ1QS2lSGwk9MNXl7YPlLDVOO8bAiQzFq8UPY+HjfHxUNaFA3U6mRTfYthZsThT6GvzHUIiub4lUZWiaOyjEkPdS4OGf/Abp4=
세계_백지도_유럽	2ZHcZSc/qbtQfzG1o8iEXi5hgpnQBOXakE2UonsM6ruFCoLhOfuYeQqqGNypYjaAnyzSmIqWQtiXRwqoQDJYd6r90Lw2B7iOZgRqDtLWyboVvqDBUrCyCdVqbiXRhlYc6WVfh9Um4vVY24cjCuTUc4gccQleMUtWOzt+27wFJyc=
세계_백지도_아프리카	2ZHcZSc/qbtQfzG1o8iEXkYQWAbnOILqQE9m0sY/dNlwOpW8r/3rD9MCYj0ZxhotDVXK4Wk2joL35ph+CStGuOwD6J33ut1OZt/OX3dgt4R/S1sv0e8+jWxvv6S+7t5EF6cCizmcAaZVe9q4uXH1uzKxtHxGiNMqfeqiNaKGW6k=
세계_백지도_아메리카	2ZHcZSc/qbtQfzG1o8iEXtvl6/JSwU1TprURr0eW/l5I58KOuerkJxInTlMprSGboPp4hpxmK7g7uDmqyF9gPRFbySt7Ax6soZtBFwflG1evJtiviXu1Xpl7dyMNZk+8eOhlmVK6y11Y9+MiJi9FtkTNzaF4M+IJ8CE7o0/wUWE=
세계_백지도_북아메리카	2ZHcZSc/qbtQfzG1o8iEXu+K/wBNLOCn0e/Mx9Y7saOW+kbsXu2/6DicY8Y7fAhz8hGFIxa0PLIkC6KnUZOMM945DQRg2EQJgOVecBFLPwOJeJ/+vIMfjXVztBrG+bn0P/7+jZ74wQ3aimOYyHdekilO6HFJxywmG/Yk73Ilpq4=
세계_백지도_남아메리카	2ZHcZSc/qbtQfzG1o8iEXitHrga4wzJoxPiUosNGvgw/Btms8ock6jXRdXcqK1iS/Yd3S3383fX+RkvePqqPr4Ab0vimHQEoAVBK1ZmC6vKL7lPo/MwWpmVP9ZEukC7e4qHayWp8wwWKdnfgxKuK9ZnEepSqf7Ey+8VXFo+QzZc=
세계_백지도_오세아니아	2ZHcZSc/qbtQfzG1o8iEXlyZhrCM2e+LsbOa16eHYblv5vA/erI8aOkXT4Bb5AUsbov4hz/Ss9pxvFZ7vD8Pk7tYM7uGQaq9GZT5ECFoHXTfSLYd9Pw1OA3mqWHCySXcoOnfoiQN8bzzlHKTO9sVmQjMEGkW+lDTKyCW5dcwpQU=
세계_명칭표기_대륙구분	2ZHcZSc/qbtQfzG1o8iEXqSpPJ5L+eK2j4lgxTkK/M+wZuz1j1i+s25qOG4sXGgUhX+TmqHui2n0i4TJVP+cqLeprXKwIRCYn9OV+KFC2PUoSaTbZYzN3xzMBOhBTidPOTSIBYMTKgU2EtFs9iuJXr0nlFRo9Eml2/oD9uPjCAk=
세계_명칭표기_국가전도	2ZHcZSc/qbtQfzG1o8iEXp2ebHKcq6b3maMcdj0ujGdXgVuWNSESAiif88XPwoPZ7syElLPTEvfTqirNRwx20+n6YjXrfpXvqqm57hOPZVEm6cexAXHCIES98986tvvSFT5VXScwuVkAalBVfuFQe9wCYHp94S0wBzESmKsYkwA=
