고등	수학	공통수학1(전인태)	EB2022GC3MM_01_10J.zip
고등	수학	공통수학1(홍진곤)	EB2022GC3MM_02_10H.zip
고등	수학	공통수학2(전인태)	EB2022GC3MM_01_11J.zip
고등	수학	공통수학2(홍진곤)	EB2022GC3MM_02_11H.zip
고등	수학	기본수학1(홍진곤)	EB2022GC3MM_03_10H_L.zip
고등	수학	기본수학2(홍진곤)	EB2022GC3MM_03_11H_L.zip
고등	수학	대수(전인태)	EB2022EC3MM_01_10J.zip
고등	수학	미적분Ⅰ(홍진곤)	EB2022EC3MM_02_10H.zip
고등	수학	확률과통계(전인태)	EB2022EC3MM_03_10J.zip
고등	수학	기하(전인태)	EB2022JC3MM_02_10J.zip
고등	수학	미적분Ⅱ(홍진곤)	EB2022JC3MM_01_10H.zip
고등	수학	경제수학(전인태)	EB2022JC3MM_03_10K.zip
고등	수학	인공지능수학(강은주)	EB2022JC3MM_04_10K.zip
고등	수학	직무수학(김동재)	EB2022JC3MM_05_10K.zip
고등	수학	전문수학(홍진곤)	EB2022JC3MM_06_10H.zip
고등	수학	수학과문화(강은주)	EB2022UC3Etc_07_10K.zip
고등	수학	실용통계(김동재)	EB2022UC3Etc_08_10K.zip
고등	사회	통합사회1(박윤경)	EB2022GC3SS_01_10P_L.zip
고등	사회	통합사회2(박윤경)	EB2022GC3SS_01_11P_L.zip
고등	사회	한국사1(정요근)	EB2022GC3SS_02_10J.zip
고등	사회	한국사2(정요근)	EB2022GC3SS_02_11J.zip
고등	사회	세계시민과지리(김민성)	EB2022EC3SS_12_10K.zip
고등	사회	세계사(김덕수)	EB2022EC3SS_01_10K.zip
고등	사회	사회와문화(박윤경)	EB2022EC3SS_02_10P.zip
고등	사회	한국지리탐구(조대헌)	EB2022JC3SS_01_10J.zip
고등	사회	도시의미래탐구(김영호)	EB2022JC3SS_02_10K.zip
고등	사회	동아시아역사기행(김정인)	EB2022JC3SS_03_10K.zip
고등	사회	정치(김명정)	EB2022JC3Etc_02_10K.zip
고등	사회	경제(김태환)	EB2022JC3Etc_03_10K.zip
고등	사회	법과사회(박성혁)	EB2022JC3Etc_04_10P.zip
고등	사회	여행지리(이영민)	EB2022UC3Etc_09_10L.zip
고등	사회	역사로탐구하는현대세계(노경덕)	EB2022UC3Etc_10_10N.zip
고등	사회	사회문제탐구(박윤경)	EB2022UC3Etc_11_10P.zip
고등	사회	금융과경제생활(김재근)	EB2022UC3Etc_12_10K.zip
고등	사회	기후변화와지속가능한세계(조철기)	EB2022UC3Etc_14_10J.zip
고등	과학	통합과학1(신영준)	EB2022GC3NN_01_10S_L.zip
고등	과학	통합과학2(신영준)	EB2022GC3NN_01_11S_L.zip
고등	과학	과학탐구실험1(신영준)	EB2022GC3NN_02_10S.zip
고등	과학	과학탐구실험2(신영준)	EB2022GC3NN_02_11S.zip
고등	과학	물리학(최혁준)	EB2022EC3Etc_01_10C.zip
고등	과학	화학(임희준)	EB2022EC3Etc_02_10E.zip
고등	과학	생명과학(이준규)	EB2022EC3Etc_03_10L_L.zip
고등	과학	지구과학(오필석)	EB2022EC3Etc_04_10O_L.zip
고등	과학	역학과에너지(최혁준)	EB2022JC3Etc_11_10C.zip
고등	과학	전자기와양자(최혁준)	EB2022JC3Etc_12_10C.zip
고등	과학	물질과에너지(임희준)	EB2022JC3Etc_13_10L.zip
고등	과학	화학반응의세계(임희준)	EB2022JC3Etc_14_10L.zip
고등	과학	세포와물질대사(이준규)	EB2022JC3Etc_15_10L.zip
고등	과학	생물의유전(이준규)	EB2022JC3Etc_16_10L.zip
고등	과학	지구시스템과학(오필석)	EB2022JC3Etc_17_10O.zip
고등	과학	행성우주과학(오필석)	EB2022JC3Etc_18_10O.zip
고등	과학	과학의역사와문화(조헌국)	EB2022UC3Etc_16_10J.zip
고등	과학	기후변화와환경생태(황의욱)	EB2022UC3Etc_17_10H.zip
고등	과학	융합과학탐구(신영준)	EB2022UC3Etc_18_10J.zip
고등	정보	정보(김현철)	EB2022EC3Etc_10_10K_L.zip
고등	정보	인공지능기초(김현철)	EB2022JC3Etc_26_10K_L.zip
고등	정보	데이터과학(김현철)	EB2022JC3Etc_27_10K_L.zip
고등	정보	소프트웨어와생활(이준구)	EB2022UC3Etc_27_10L.zip
중학	국어	국어1-1(노미숙)	EB2022GC2KK_01_71N.zip
중학	국어	국어1-2(노미숙)	EB2022GC2KK_01_72N.zip
중학	국어	국어2-1(노미숙)	EB2022GC2KK_01_81N.zip
중학	국어	국어2-2(노미숙)	EB2022GC2KK_01_82N.zip
중학	국어	국어1-1(정호웅)	EB2022GC2KK_02_71J_L.zip
중학	국어	국어1-2(정호웅)	EB2022GC2KK_02_72J_L.zip
중학	국어	국어2-1(정호웅)	EB2022GC2KK_02_81J.zip
중학	국어	국어2-2(정호웅)	EB2022GC2KK_02_82J.zip
중학	수학	수학1(김화경)	EB2022GC2MM_01_70K.zip
중학	수학	수학2(김화경)	EB2022GC2MM_01_80K.zip
중학	수학	수학1(김동재)	EB2022GC2MM_02_70K.zip
중학	수학	수학2(김동재)	EB2022GC2MM_02_80K.zip
중학	사회	사회①(허수미)	EB2022GC2SS_01_70S.zip
중학	사회	사회②(허수미)	EB2022GC2SS_01_71S.zip
중학	사회	역사①(이종관)	EB2022GC2SS_02_70E_L.zip
중학	사회	역사②(이종관)	EB2022GC2SS_02_71E_L.zip
중학	과학	과학1(정대홍)	EB2022GC2NN_01_70J_L.zip
중학	과학	과학1(임성숙)	EB2022GC2NN_02_70L_L.zip
중학	과학	과학2(정대홍)	EB2022GC2NN_01_80J_L.zip
중학	과학	과학2(임성숙)	EB2022GC2NN_02_80L_L.zip
중학	정보	정보(김현철)	EB2022GC2Etc_06_70K.zip
