국어 1-1 (신유식)_2015	국어	https://update.mirae-n.com/download/2015/중등/국어1-1/미래엔 중등 국어 1-1(2025).zip
국어 1-2 (신유식)_2015	국어	https://update.mirae-n.com/download/2015/중등/국어1-2/미래엔 중등 국어 1-2(2025).zip
국어 2-1 (신유식)_2015	국어	https://update.mirae-n.com/download/2015/중등/국어2-1/미래엔 중등 국어 2-1(2025).zip
국어 2-2 (신유식)_2015	국어	https://update.mirae-n.com/download/2015/중등/국어2-2/미래엔 중등 국어 2-2(2025).zip
국어 3-1 (신유식)_2015	국어	https://update.mirae-n.com/download/2015/중등/국어3-1/미래엔 중등 국어 3-1(2025).zip
국어 3-2 (신유식)_2015	국어	https://update.mirae-n.com/download/2015/중등/국어3-2/미래엔 중등 국어 3-2(2025).zip
수학1 (황선욱)_2015	수학	https://update.mirae-n.com/download/2015/중등/수학1/미래엔 중등 수학1(2025).zip
수학2 (황선욱)_2015	수학	https://update.mirae-n.com/download/2015/중등/수학2/미래엔 중등 수학2(2025).zip
수학3 (황선욱)_2015	수학	https://update.mirae-n.com/download/2015/중등/수학3/미래엔 중등 수학3(2025).zip
사회1 (김진수)_2015	사회	https://update.mirae-n.com/download/2015/중등/사회1/미래엔 중등 사회1(2025).zip
사회2 (김진수)_2015	사회	https://update.mirae-n.com/download/2015/중등/사회2/미래엔 중등 사회2(2025).zip
사회과부도 (문대영)_2015	사회	https://update.mirae-n.com/download/2015/중등/사회과부도/미래엔 중등 사회과부도(2025).zip
역사1 (김태웅)_2015	사회	https://update.mirae-n.com/download/2015/중등/역사1/미래엔 중등 역사1(2025).zip
역사2 (김태웅)_2015	사회	https://update.mirae-n.com/download/2015/중등/역사2/미래엔 중등 역사2(2025).zip
역사 부도 (한철호)_2015	사회	https://update.mirae-n.com/download/2015/중등/역사부도/미래엔 중등 역사 부도(2025).zip
과학1 (김성진)_2015	과학	https://update.mirae-n.com/download/2015/중등/과학1/미래엔 중등 과학1(2025).zip
과학2 (김성진)_2015	과학	https://update.mirae-n.com/download/2015/중등/과학2/미래엔 중등 과학2(2025).zip
과학3 (김성진)_2015	과학	https://update.mirae-n.com/download/2015/중등/과학3/미래엔 중등 과학3(2025).zip
정보 (이원규)_2015	정보	https://update.mirae-n.com/download/2015/중등/정보/미래엔 중등 정보(2025).zip
