[백지도] 세계_명칭표기_아시아	2ZHcZSc%2FqbtQfzG1o8iEXruuP%2B%2FqldFuRucrMT36TQixJLVTDInhVKmsu3L7gTVunj7i4qODq4TN1Gx1il4sKfA5kd%2BoZHvZQyvFMIZY0WxnCCIN1hhEyC84xc3UO5zNSIXAUidJIDlFe2zjRa8oyDnmnsdxUdjKxvqtyQ9fICw%3D
[백지도] 세계_명칭표기_유럽	2ZHcZSc%2FqbtQfzG1o8iEXhBrT5PZ72vS00oQoJbncX%2BsdRK%2BkkTmrYbYgyOQhVc73uIN%2F%2BhhTWRI0POEa7duEwG3g0BEM0zBl3dfSzSldnyBEOfIByKYaTl%2B4z4CDsv4Ix6R79eqOUbTLEHkWjOYxiaCr7wo4cKvOQMlUoVDJrQ%3D
[백지도] 세계_명칭표기_아프리카	2ZHcZSc%2FqbtQfzG1o8iEXhIiY%2Fnp%2FgZyUV3RnmFioygbuZ6as091SyuPCL63XmJAssH92Vnxr2H%2Fkwrpl9Fm6CAnk%2F7%2F4g6J0tZxvBa%2BihbIT5iE5I1DVXmcjr19xeiONug724WQT9TyAqGqXWg4MhNKAWJJtUlod0UCbNQbKkQ%3D
[백지도] 세계_명칭표기_아메리카	2ZHcZSc%2FqbtQfzG1o8iEXvwe8tYsQ4CYUQH4PhZf%2FILthrCOT5mp%2Fm1GBmFnNasoDfz5blbueuqGsPcW7A%2BXEXTuLNMcutMh4EygXsBSw8n50mt7uJr%2B%2B0XJfeHL0EZSijMxI%2FrMql%2B5L9d%2B9TmPvKe87LG7J4Ve23gHybR9rsA%3D
[백지도] 세계_명칭표기_북아메리카	2ZHcZSc%2FqbtQfzG1o8iEXvx3X%2Fke2x3NJJOk7hjoag6zNC%2FnNoSuTBlpKEFREvOxTFa2YORAZ%2F67jxO3bNiZEMu%2BGdg1FRmvr17D0zw8q6q1f78conW69DqCTY56EkXA4veMhDUldfHfVjdJS6RIVROUmCC2Z4mWwwHyBPBSFBE%3D
[백지도] 세계_명칭표기_남아메리카	2ZHcZSc%2FqbtQfzG1o8iEXqRXOg%2FyYxo0SM9ZNngQOXghWpVk1N24eWkqqwRk5tfHv4o0iakZdG6arfCvcXfc4A4Fvlawfu7mJIP0wearz7p6mF5FfOkSW4QUbL6j0aTjnHx0G7unYTRZsAAkWRhHIGOGA%2FWmBrPrbD1UtEMM%2B68%3D
[백지도] 세계_명칭표기_오세아니아	2ZHcZSc%2FqbtQfzG1o8iEXknJoPT4rq3DvJBv0aGDRAqi%2FhpLJvxEt2SX8mJr6AC3TVEuaCsVO8HGa%2FzOLWKyNMtCFGjX07b7vkBXoFOBhYmC8nBybd8tKeatRJWddIeT5Lb2eiq841KqjXld3d80FSkhW%2FxlLNY393RxRJh7MTs%3D
[백지도] 우리나라_백지도_전도	2ZHcZSc%2FqbtQfzG1o8iEXiiatd5DjnfK%2Bw57T4Z6Fe3ojl5Iu3jMqv3VM4zOPOwnEhvpTVbmayB2MFR83ITqyyWmEQzEl7bpqUyo7ww4imOnBueV3ChpELxKac9onW2C524bh6xiBCp%2FFxmOJ1%2FscNquvEjCwbTUUpGPQyv1nYc%3D
[백지도] 우리나라_백지도_행정구역(도 단위)	2ZHcZSc%2FqbtQfzG1o8iEXhoME8oftf4Od6FhIe%2FdXhFi%2FqT8IihS8QP5uET%2FxDNRTs%2Fa25xrit24OtLACrGGwkf6hXR7VL3pPFjWaPUTq90fR8Fhq0PEtiMWHYFWfRSXWDLQDO88CB9M79PjVF77hrisM%2Bw2PB3ToIcOyO51dVU%3D
[백지도] 우리나라_백지도_행정구역(시·군 단위)	2ZHcZSc%2FqbtQfzG1o8iEXs3KGy4hzA2ttWcbVEwhdbgjvFiGteH1Kmhv9P6La1n1AdyQvAeHXHabLplIN9VzzKJ%2FEmtiO4v1cosg34nKxw2GZS22kz5mgY8g9wIMOcp0l7U8P3dKyNotIZzdIswtGM9Xt697EtTuLvCaplx7bxI%3D
[백지도] 우리나라_백지도_북부 지역(도 단위)	2ZHcZSc%2FqbtQfzG1o8iEXoMekMaOSP1kbUzYOhKK7TaqoMXcZ8lfgtE7b4dr%2B1pJkYYl464apg6I%2BvujNbemOWxeENqFRoOU8z2XVXhogY38LorKPNCjzBJtrxcjAiRD8OxtT0thMdG8KCytef0e1DAeuWUMtawjho%2BM2eUQZFM%3D
[백지도] 우리나라_백지도_북부 지역(시·군 단위)	2ZHcZSc%2FqbtQfzG1o8iEXnOykjKqCzTtkUO7hOG5F3F1IqGhqKTZpqCwdsFFfy31K0AVeO4BXNme%2B2txzp1hQ%2F%2Fn4%2Fnh9BQ89skaKjNtf%2Bu%2FILCKlQxdstVD9mC92sIUVL25RbVf1nA9LMv4CsY2AYYBriBQIPXMiz6FZMrW1I0%3D
[백지도] 우리나라_백지도_중부 지역(도 단위)	2ZHcZSc%2FqbtQfzG1o8iEXhb3sUbCAgfT1GFPxF9VfzzCVHYfRnIavhvVPPbgsdQEkNfGZ9XvkJYBTA%2BXBQ8VvVOJ8WIWDfas6bZFjeglfX6An43Qz1e8kS5eGc3eooaR1ut6hpWbgpXF0t96ocuH2Gcpb8koGIwR2qdgjTAxcdE%3D
[백지도] 우리나라_백지도_중부 지역(시·군 단위)	2ZHcZSc%2FqbtQfzG1o8iEXjBhb216SHmI9lMNIRbLH9ACrDj4Xk8ffaWtot%2FFoYKS8MoGwmn5gPlU3jHs2X6GNS18fXoPL3Qem9vXE5%2FR0%2BxB5Xh%2FP9dF%2FVtXjtmA8WIPFTBfp00Ab2PmxOgMXL9a69Ru9gfZvjt%2BgjwZ3sJPpPs%3D
[백지도] 우리나라_백지도_남부 지역(도 단위)	2ZHcZSc%2FqbtQfzG1o8iEXqmNOF8s9SYKmME2XfQ%2B8YYXlfV%2FE%2FulCBJURvSqn%2FxrUFYXWgjdxMwPLLLO%2B5y6UVLkpvJEvn8zPHyFllMoKj9YF%2FaEZv%2F1Bm6uqIMxylwwj9cT0UKl7OBSYJfzGKgi%2FPd%2BmKhW0sx4jW1P0uO6Tes%3D
[백지도] 우리나라_백지도_남부 지역(시·군 단위)	2ZHcZSc%2FqbtQfzG1o8iEXgzWaXpuSTEipNscPmIy2QbMhoTnRu0QOdAmSJlxYebjFYAbZzBQAbebJyxn2lEelFls29IL4uV%2F8SFbHI3G8Ks9NlxSsrONRI3eZDHYomBHmjjWtYaBENX1kB%2BjYB7mNVhY8YFySqi2cdKyvQeJ8jQ%3D
[백지도] 우리나라_백지도_남한 전도(도 단위)	2ZHcZSc%2FqbtQfzG1o8iEXlDOvYXAz3QZz5rVl7lJNeVUUCDiDVRR%2FoVaD1ubSV0znuvmOvdLz%2FbrkUCENYzYBgmSsgEXfDj%2FbV0a03crLRB8t5MY9Rs63bkygClpZIzuLAUnjYtXY6hQoVuMgGe0bmZdnIX8hV0tO3oAYXEg0sI%3D
[백지도] 우리나라_백지도_남한 전도(시·군 단위)	2ZHcZSc%2FqbtQfzG1o8iEXuEcCaxzzsc1GRmyKOvc%2BEXl%2FGEfXxxwrAsVTF4v4INZjB6ZX8UmaljOEnjiaCskiuQC%2FRhcq0IxcqyudjNQ6Q%2FweFb2GAzKQlKoolsoIsygI8U%2Fex9b4c9yhNjNy1elNBL7FVH4WQw1lcm5dJq0Fiw%3D
[백지도] 우리나라_명칭 표기_행정 구역(도 단위)	2ZHcZSc%2FqbtQfzG1o8iEXsaCWE8GR%2BjcbXmINwwFY3bbF26sBmBYkjwH1WzJ2IyQ6xxWWVInFMOWqr6fKMOUivmBeBjBg8EqcYHlO3qhVlRLU57DBRlSB4ueYTeut0qj0anfeBJk%2Fdkc3HICO%2FvwIigCGrVvVxDOXlEUzKwQ9b8%3D
[백지도] 우리나라_명칭 표기_행정 구역(시·군 단위)	2ZHcZSc%2FqbtQfzG1o8iEXtKErxYmdaBJdf0ZjhFmaZOBAFcwXTEpgnWMb050berePJ5dFQ5HGAJqjeQWUZVgCBjiGbBo9a%2BYUDj04EIdOSBhup%2FEPi373kn%2Bq3pTMNyJLtOldZqLus694q95G7bYEBA%2Fx%2FgecqIhjxbg4peFh6w%3D
[백지도] 우리나라_명칭 표기_북부 지역(도 단위)	2ZHcZSc%2FqbtQfzG1o8iEXr62AZGLqaHr8fxGnxpV53hPCTsU10SEAfwMyUD2iRnZpCH4H8FlhC0jaE9dCCxAExzpbQmPwJP5%2FmhlFsc9PifpOkzjLO2zCA8g%2BSmRS8sRXucN2awy%2FkwK5uLXzqsEJEtwOnViHd6H4PeQEMk00QE%3D
[백지도] 우리나라_명칭 표기_북부 지역(시·군 단위)	2ZHcZSc%2FqbtQfzG1o8iEXt%2FmlAKflca8eUlqhrkTf8Bn%2FeW4MDF8vkVL7AK6Bma21HnhQEzs2nwAK1wJVXsKAb%2BGsVbFHUMIAAVRKWTizmByekAGynVcttYE0Che%2F2BEzCfykehKRHDmzdMtrh7mX5cVjr4cm6NwGWfWI6KEAqs%3D
[백지도] 우리나라_명칭 표기_중부 지역(도 단위)	2ZHcZSc%2FqbtQfzG1o8iEXrljjPUzMCHUkkch1NxMEyQU1Zp7rACELt%2Bih78tB4nOcAok9W2kNuFb1vKj%2BSxM%2FcqUJFUkCjDvPXqy5J1LSmbq0lQ%2F04BKR8qsmsYDPUKguV%2BYbP%2BWgk3Ra9P3T%2FBsCnPm5k6Bn%2FX7baHwmB4gfSc%3D
[백지도] 우리나라_명칭 표기_중부 지역(시·군 단위)	2ZHcZSc%2FqbtQfzG1o8iEXjV%2FICjkzfEm572Y7sc6weCiLhQwnOlUpP1DgLZ6kSw6LCSVgy9U6AeWg9nlX18DugYmHvTJd6oVvU6039eElYVzoPCAoByKH5QymQJYcKavGXXPQvh5mHLXlAULcabL5hOESBrJrgNwBuYGQk3XWLQ%3D
[백지도] 우리나라_명칭 표기_남부 지역(도 단위)	2ZHcZSc%2FqbtQfzG1o8iEXg%2FfYP5Hx8uGSkpGSZ4XjOUWAYXqvcCxk2fMCDZ1GTPsZYphHiXvvobix2SHt87P9OVxMRVYbCyWtJyi6m9cndZHmKK0t2%2B7VohN3WsYs9mE5hHTLbMPrF0%2BbBCDfy%2F9epyTbc8Y9nQhPDsx%2BBvY4Hw%3D
[백지도] 우리나라_명칭 표기_남부 지역(시·군 단위)	2ZHcZSc%2FqbtQfzG1o8iEXvy8r2iROj8aX3ZZ1g6C4vUYOwxrBFSqUC5jeZwxeDSQUrcaCZ71z9UuOHhfHzSZTGEHhBul4NEdNfgJKBQIVviK7EKh%2F6CQcVAoUB84dSBIQ6yxEHWN3WEcTBtn7EEO974JC6bTmuZBuQnczOA%2Bnhg%3D
[백지도] 우리나라_명칭 표기_남한 전도(도 단위)	2ZHcZSc%2FqbtQfzG1o8iEXiJmAZf9Fqm%2F%2FRq2WKaemZZRldVKI9apK%2BcUEUVQAftgG86V7CseETpuhsMIPziwH2ZSCqLT4tp19UcZEb8r%2Bs%2FDTnbqAsLp1hndhtKGG6LinYXfQfipU4k5NWhyByKk7Vcqtj5EbKABTFt9G2%2B3pe0%3D
[백지도] 우리나라_명칭 표기_남한 전도(시·군 단위)	2ZHcZSc%2FqbtQfzG1o8iEXqjxjvZ2gtwq7UuMdhTjK5Cej4xkH9cOg1XojusEA4jqAM%2BLLjdWyniC7ya39p8SLuqIlGKdf0KbhY1ChQqSzvDcHMYlIJT5qARcra8RIyApwQvRvgKqOnI1XjT4zkd7Jfrg7%2FJtoO9PmPXVyEScgrM%3D
[백지도] 삼국 시대(4세기)	2ZHcZSc%2FqbtQfzG1o8iEXl2vfXN5OiWHlk1L8XXv2IE1jBb3QUpvENIdo0HjT080%2BB8veWGra4Adxx%2BgM%2BF7eLnAeWElp2GXPun0ec1uZmEFrvG%2FDKBYTsIBXt%2BNtP7aufV8P7KTdXb3csOnrdMT5%2FEuV6EYxynKaogR0Fa6sgM%3D
[백지도] 삼국 시대(5세기)	2ZHcZSc%2FqbtQfzG1o8iEXgqRLrmjnBS7D97Bb6A7LiKZ6mOqQ9iGa75fTwn2hYzbLhOQxs9Z0tgnRXmYdPiXpWCCPC5CuYmStKY364NBlCSdJ9MsSBbOVG1H3YzM90DfCaQq%2FmhFz3Soluxbyhr0iDWWso8UQPt6ft9Z6kPe%2B4M%3D
[백지도] 삼국 시대(6세기)	2ZHcZSc%2FqbtQfzG1o8iEXoEfVD9CiK2k15pCVF6Xwrvzwkomj4Dfro3wI22s8SgYtG0qzAmicVw%2Fv8%2FhUJ37qPfuZZLrCWTyg%2FtTp3GALRLwdAOVOk1VmAXvpI6iKLIn9F6x0RzxvV1Nd8SeT05lknVPHaWzMi1M5yZ9BcJm1Ks%3D
[백지도] 남북국 시대(9세기)	2ZHcZSc%2FqbtQfzG1o8iEXmYcgsJQg7gcsyiIqRchnGXWyijZ75Lk6prFe4YZH9V9aJpv96Z8%2Fh80TURZ98hrP43jTR6YFmOdwXUCJoq683tY4OzDzwNyEw8OiD0GPQk1uqO5xbDlM1eLO7da6Tpz0zftO5hOXKJ3Xzpv3Dc69J0%3D
[백지도] 후삼국 시대(10세기)	2ZHcZSc%2FqbtQfzG1o8iEXrMcMrz1%2FaYlT1m%2B6TjTD1nP78Q7kvCrY60wkTGtf7D1xjqtOwgll8hz9Ezn%2B5%2BoWuaMhcA9AQ82HfZ5%2Fhck9Cn4q8t6PyHr4OiJOA1b9ZZMOG17DYVpKmilSvPN6prVIp8KQ0s1F0Goo97v3a%2B%2B07Q%3D
[백지도] 고려 시대(11세기)	2ZHcZSc%2FqbtQfzG1o8iEXp8pC%2F5PoOLLdKyP9hdTr0mRbH0HqGGwdWYSbFBXx2ZQIfCY%2FBgGcJdheVQ32WNDyXpED3BRlg6mlJpJ273KfvKWnXA%2FX5M6Qpb%2Bs%2F0hbtRlkJXbdnobX7eJUCJScytlgZvhgNtXrMYQ6JkwHaBumLg%3D
[백지도] 조선 시대(14~19세기)	2ZHcZSc%2FqbtQfzG1o8iEXj0KLCvhg1q8Q44EZIlZUWMxvI54Hw%2FVmWSwrhpVTB2ZE%2FlPdzGW6R3kTUFd7jSF71j32Byciqot5x4DtQumtnyLivzq0ZI5nQMKqeLsqoqnbtX3GoJmfQG%2FxyiKhnKdcdvTlm4SoS%2BhwMyWzlFEs6w%3D
